sequence,mean,std
SHSSCRPPQCGGGS,41,0
SHSSCKPPTCGGGS,4,0
SHSSCVLGCCGGGS,2,0
SHSSCMPGCCGGGS,1,0
SHSSCRGGSCGGGS,1,0
SHSSCGCEGGGGGS,1,0
SHSSCAGSMCGGGS,1,0
SHSSCTQPFCGGGS,1,0
SHSSCRTPQCGGGS,1,0
SHSSCAVWGGGGGS,1,0
SHSSCSQPTCGGGS,1,0
SHSSCQQPACGGGS,1,0
SHSSCKQQTCGGGS,1,0
SHSSCVAPWCGGGS,1,0
SHSSCLEGAGGGGS,1,0
SHSSCTPPQCGGGS,1,0
SHSSCVAGWCGGGS,1,0
SHSSCTQPVCGGGS,1,0
SHSSCPQPSCGGGS,1,0
SHSSCYWVRGGGGS,1,0
SHSSCGALWGGGGS,1,0
SHSSCVARTCGGGS,1,0
SHSSCRPPTCGGGS,1,0
SHSSCGGGVCGGGS,1,0
SHSSCVVGGGGGGS,1,0
SHSSCADQRCGGGS,1,0
SHSSCLGVACGGGS,1,0
SHSSCDVGECGGGS,1,0
